[
  {
    "_id": "hotel-1",
    "_type": "hotel",
    "name": "Hotel Riu Plaza Toronto",
    "slug": {
      "current": "hotel-riu-plaza-toronto"
    },
    "city": "Toronto",
    "area": "Financial District",
    "address": "351 King Street West, Toronto, ON M5V 1J5",
    "phone": "+1 416-981-9200",
    "rating": 4.2,
    "hotelClass": 4,
    "description": "Hotel Riu Plaza Toronto is a 4-star hotel located in the Financial District. Modern accommodations with city views and premium amenities.",
    "gpsCoordinates": {
      "_type": "geopoint",
      "lat": 43.6472604,
      "lng": -79.3917920
    },
    "primaryImageUrl": "https://lh5.googleusercontent.com/p/AF1QipNGix9dVAg06s82e08vaUXkAhqFlV2XPyTByWkj=s10000",
    "images": [
      {
        "url": "https://lh5.googleusercontent.com/p/AF1QipNGix9dVAg06s82e08vaUXkAhqFlV2XPyTByWkj=s10000",
        "alt": "Hotel Riu Plaza Toronto exterior"
      },
      {
        "url": "https://lh5.googleusercontent.com/p/AF1QipOGnraKQJyR0fx9qttxk_qTZWIs2H6KGTZnLYK8=s10000",
        "alt": "Hotel Riu Plaza Toronto lobby"
      }
    ],
    "tags": ["business", "downtown", "luxury"],
    "amenities": ["wifi", "gym", "restaurant", "bar", "conference-rooms"],
    "token": "REDACTED_TOKEN_1",
    "isActive": true,
    "seoTitle": "Hotel Riu Plaza Toronto - Downtown Financial District",
    "seoDescription": "Book Hotel Riu Plaza Toronto direct with no commissions. 4-star hotel in Toronto's Financial District with modern amenities."
  },
  {
    "_id": "hotel-2", 
    "_type": "hotel",
    "name": "The Westin Harbour Castle",
    "slug": {
      "current": "the-westin-harbour-castle"
    },
    "city": "Toronto",
    "area": "Harbourfront",
    "address": "1 Harbour Square, Toronto, ON M5J 1A6",
    "phone": "+1 416-869-1600",
    "rating": 4.1,
    "hotelClass": 4,
    "description": "The Westin Harbour Castle is a 4-star hotel located in Harbourfront. Lakefront luxury with stunning views of Lake Ontario and city skyline.",
    "gpsCoordinates": {
      "_type": "geopoint", 
      "lat": 43.6390,
      "lng": -79.3719
    },
    "primaryImageUrl": "https://photos.hotelbeds.com/giata/original/04/049472/049472a_hb_f_004.JPG",
    "images": [
      {
        "url": "https://photos.hotelbeds.com/giata/original/04/049472/049472a_hb_f_004.JPG",
        "alt": "The Westin Harbour Castle exterior"
      }
    ],
    "tags": ["luxury", "harbourfront", "business"],
    "amenities": ["wifi", "gym", "pool", "spa", "restaurant", "bar"],
    "token": "REDACTED_TOKEN_2",
    "isActive": true,
    "seoTitle": "The Westin Harbour Castle Toronto - Lakefront Luxury",
    "seoDescription": "Book The Westin Harbour Castle Toronto direct with no commissions. Luxury lakefront hotel with stunning views."
  },
  {
    "_id": "hotel-3",
    "_type": "hotel", 
    "name": "Fairmont Royal York",
    "slug": {
      "current": "fairmont-royal-york"
    },
    "city": "Toronto",
    "area": "Downtown",
    "address": "100 Front Street West, Toronto, ON M5J 1E3",
    "phone": "+1 416-368-2511",
    "rating": 4.3,
    "hotelClass": 5,
    "description": "Fairmont Royal York is a 5-star hotel located in Downtown. Historic luxury hotel directly connected to Union Station.",
    "gpsCoordinates": {
      "_type": "geopoint",
      "lat": 43.6465,
      "lng": -79.3808
    },
    "primaryImageUrl": "https://lh5.googleusercontent.com/p/AF1QipPI-2hASi1fH2dzw3hOyxjk2UV9CVV9P3sKUYuX=s10000",
    "images": [
      {
        "url": "https://lh5.googleusercontent.com/p/AF1QipPI-2hASi1fH2dzw3hOyxjk2UV9CVV9P3sKUYuX=s10000",
        "alt": "Fairmont Royal York exterior"
      }
    ],
    "tags": ["luxury", "historic", "business", "downtown"],
    "amenities": ["wifi", "gym", "pool", "spa", "restaurant", "bar", "conference-rooms"],
    "token": "REDACTED_TOKEN_3", 
    "isActive": true,
    "seoTitle": "Fairmont Royal York Toronto - Historic Downtown Luxury",
    "seoDescription": "Book Fairmont Royal York Toronto direct with no commissions. Historic 5-star luxury hotel connected to Union Station."
  }
]
