{
  "REDACTED_TOKEN_1": {
    "nightlyFrom": 369,
    "currency": "CAD",
    "officialLink": "https://example.com/hotel-riu-plaza-toronto-booking",
    "rooms": [
      {
        "name": "Deluxe Room - 1 Queen Bed",
        "image": null,
        "link": "https://example.com/hotel-riu-booking-queen",
        "nightly": 369,
        "currency": "CAD",
        "refundable": true,
        "cancellable": true,
        "ratePlan": "Standard Rate"
      },
      {
        "name": "Deluxe Room - 1 King Bed", 
        "image": null,
        "link": "https://example.com/hotel-riu-booking-king",
        "nightly": 389,
        "currency": "CAD",
        "refundable": true,
        "cancellable": false,
        "ratePlan": "Standard Rate"
      }
    ]
  },
  "REDACTED_TOKEN_2": {
    "nightlyFrom": 425,
    "currency": "CAD", 
    "officialLink": "https://example.com/westin-harbour-castle-booking",
    "rooms": [
      {
        "name": "Traditional Room - Lake View",
        "image": null,
        "link": "https://example.com/westin-booking-lake",
        "nightly": 425,
        "currency": "CAD",
        "refundable": true,
        "cancellable": true,
        "ratePlan": "Best Available Rate"
      }
    ]
  },
  "REDACTED_TOKEN_3": {
    "nightlyFrom": 520,
    "currency": "CAD",
    "officialLink": "https://example.com/fairmont-royal-york-booking", 
    "rooms": [
      {
        "name": "Fairmont Room - City View",
        "image": null,
        "link": "https://example.com/fairmont-booking-city",
        "nightly": 520,
        "currency": "CAD",
        "refundable": false,
        "cancellable": true,
        "ratePlan": "Advance Purchase"
      }
    ]
  }
}
